{
  "financebench_id_00005": 0.8,
  "financebench_id_00070": 0.6,
  "financebench_id_00080": 0.0,
  "financebench_id_00206": 0.6666666666666666,
  "financebench_id_00215": 1.0,
  "financebench_id_00216": 0.6,
  "financebench_id_00222": 0.0,
  "financebench_id_00283": 1.0,
  "financebench_id_00288": 1.0,
  "financebench_id_00299": 1.0,
  "financebench_id_00302": 0.0,
  "financebench_id_00382": 0.8333333333333334,
  "financebench_id_00394": 0.0,
  "financebench_id_00407": 0.6666666666666666,
  "financebench_id_00438": 0.4,
  "financebench_id_00460": 1.0,
  "financebench_id_00464": 0.6666666666666666,
  "financebench_id_00476": 0.0,
  "financebench_id_00494": 1.0,
  "financebench_id_00499": 0.0
}